{"angry": 6.610809803009033, "disgust": 0.00010653693607309833, "fear": 5.2206950187683105, "happy": 0.0009410486090928316, "sad": 27.362361907958984, "surprise": 0.00024033761292230338, "neutral": 60.80484390258789}