{"angry": 3.0515077114105225, "disgust": 3.257476691942429e-06, "fear": 95.27474212646484, "happy": 0.7924818396568298, "sad": 0.3600790202617645, "surprise": 0.10784165561199188, "neutral": 0.41334572434425354}